{"cameraMode":{"drawMode":0,"name":"Shaded","section":"Shading Mode"},"sceneLighting":false,"audioPlay":false,"sceneViewState":{"showFog":true,"showMaterialUpdate":false,"showSkybox":true,"showFlares":true,"showImageEffects":true,"showParticleSystems":true},"in2DMode":false,"pivot":{"x":-0.5804545879364014,"y":2.177976369857788,"z":-0.8462538719177246},"rotation":{"x":-0.3218861520290375,"y":-0.5203400254249573,"z":0.2204921543598175,"w":-0.7596175670623779},"size":2.8578836917877199,"orthographic":false}